Timestamp,Data
2023-07-27 12:10:04.186693,.77	-1.00
2023-07-27 12:10:04.187689,-0.83	-1.24
2023-07-27 12:10:04.188689,-0.85	-1.36
2023-07-27 12:10:04.188689,-0.83	-1.10
2023-07-27 12:10:04.189692,-0.71	-1.15
2023-07-27 12:10:04.189692,-0.69	-1.12
2023-07-27 12:10:04.190687,.76	-1.18
2023-07-27 12:10:04.190687,-0.64	-1.26
2023-07-27 12:10:04.191689,-0.79	-1.08
2023-07-27 12:10:04.191689,-0.84	-1.02
2023-07-27 12:10:04.192688,-0.77	-1.00
2023-07-27 12:10:04.192688,-0.83	-1.24
2023-07-27 12:10:04.192688,-0.85	-1.36
2023-07-27 12:10:04.193687,-0.83	-1.10
2023-07-27 12:10:04.193687,-0.71	-1.15
2023-07-27 12:10:04.194688,-0.69	-1.12
2023-07-27 12:10:05.872172,========================================
2023-07-27 12:10:05.876150,Calculating gyro offsets
2023-07-27 12:10:09.104084,DO NOT MOVE MPU6050...
2023-07-27 12:10:09.104084,Done!
2023-07-27 12:10:09.104974,X : -2.74
2023-07-27 12:10:09.104974,Y : -0.07
2023-07-27 12:10:09.106210,Z : -4.57
2023-07-27 12:10:09.108207,Program will start after 3 seconds
2023-07-27 12:10:12.108983,========================================
2023-07-27 12:10:12.110493,roll	pitch
2023-07-27 12:10:12.113511,0.09	-0.09
2023-07-27 12:10:12.130539,0.19	-0.25
2023-07-27 12:10:12.142502,0.15	-0.95
2023-07-27 12:10:12.154504,0.07	-1.34
2023-07-27 12:10:12.171501,0.06	-1.65
2023-07-27 12:10:12.183594,0.02	-1.75
2023-07-27 12:10:12.199703,0.07	-1.75
2023-07-27 12:10:12.212057,0.12	-1.75
2023-07-27 12:10:12.224143,0.01	-1.69
2023-07-27 12:10:12.241054,-0.03	-1.50
2023-07-27 12:10:12.253054,-0.02	-1.58
2023-07-27 12:10:12.269073,0.00	-1.57
2023-07-27 12:10:12.282053,0.04	-1.42
2023-07-27 12:10:12.294055,-0.03	-1.47
2023-07-27 12:10:12.310645,-0.11	-1.50
2023-07-27 12:10:12.322751,-0.11	-1.42
2023-07-27 12:10:12.338972,-0.09	-1.48
2023-07-27 12:10:12.351009,-0.06	-1.60
2023-07-27 12:10:12.363883,0.03	-1.64
2023-07-27 12:10:12.379935,0.08	-1.63
2023-07-27 12:10:12.391933,-0.05	-1.47
2023-07-27 12:10:12.408940,-0.07	-1.50
2023-07-27 12:10:12.420502,-0.17	-1.60
2023-07-27 12:10:12.432832,-0.17	-1.60
2023-07-27 12:10:12.449859,-0.18	-1.33
2023-07-27 12:10:12.461837,-0.05	-1.43
2023-07-27 12:10:12.477844,-0.10	-1.48
2023-07-27 12:10:12.490925,-0.13	-1.57
2023-07-27 12:10:12.503073,-0.07	-1.42
2023-07-27 12:10:12.519592,-0.16	-1.67
2023-07-27 12:10:12.531615,0.11	-1.70
2023-07-27 12:10:12.547653,-0.00	-1.67
2023-07-27 12:10:12.560507,-0.49	-2.41
2023-07-27 12:10:12.572546,-0.73	-0.77
2023-07-27 12:10:12.589515,0.10	-0.07
2023-07-27 12:10:12.601514,0.55	-0.86
2023-07-27 12:10:12.618030,-0.29	-0.15
2023-07-27 12:10:12.630052,-0.52	-1.40
2023-07-27 12:10:12.642032,-0.03	-1.88
2023-07-27 12:10:12.659028,-0.03	-2.08
2023-07-27 12:10:12.671028,-0.01	-1.96
2023-07-27 12:10:12.687029,-0.03	-1.65
2023-07-27 12:10:12.699253,-0.42	-1.12
2023-07-27 12:10:12.711132,-1.06	-0.61
2023-07-27 12:10:12.728514,-1.12	-0.99
2023-07-27 12:10:12.740514,-1.70	-0.05
2023-07-27 12:10:12.756549,0.84	-1.42
2023-07-27 12:10:12.769516,0.48	-3.49
2023-07-27 12:10:12.781515,-0.14	-1.93
2023-07-27 12:10:12.797738,3.04	-4.57
2023-07-27 12:10:12.809655,2.43	-1.70
2023-07-27 12:10:12.826172,0.83	-0.83
2023-07-27 12:10:12.839172,-0.39	-1.18
2023-07-27 12:10:12.851323,-1.05	-1.19
2023-07-27 12:10:12.867326,-1.61	-0.94
2023-07-27 12:10:12.880172,-1.37	-1.18
2023-07-27 12:10:12.896273,-1.12	-1.31
2023-07-27 12:10:12.908298,-0.74	-1.17
2023-07-27 12:10:12.921377,-0.49	-1.09
2023-07-27 12:10:12.937380,-0.68	-1.10
2023-07-27 12:10:12.949466,-0.90	-1.21
2023-07-27 12:10:12.965465,-0.92	-0.09
2023-07-27 12:10:12.978376,-0.05	0.10
2023-07-27 12:10:12.990455,-0.31	-0.61
2023-07-27 12:10:13.006407,0.59	-1.87
2023-07-27 12:10:13.018727,1.06	-2.55
2023-07-27 12:10:13.035656,1.19	-2.31
2023-07-27 12:10:13.047706,0.54	-3.22
2023-07-27 12:10:13.059621,-1.18	-0.97
2023-07-27 12:10:13.076622,-1.64	-0.68
2023-07-27 12:10:13.088621,-0.40	-1.01
2023-07-27 12:10:13.104772,-0.41	-0.55
2023-07-27 12:10:13.116862,-0.42	-0.57
2023-07-27 12:10:13.129861,-0.43	-0.94
2023-07-27 12:10:13.145956,-0.30	-1.23
2023-07-27 12:10:13.157862,-0.03	-1.30
2023-07-27 12:10:13.174876,-0.26	-1.36
2023-07-27 12:10:13.187006,-0.22	-1.29
2023-07-27 12:10:13.199192,-0.54	-1.32
2023-07-27 12:10:13.215847,-0.57	-1.30
2023-07-27 12:10:13.227745,-0.43	-1.29
2023-07-27 12:10:13.243760,-0.41	-1.18
2023-07-27 12:10:13.256748,-0.48	-0.88
2023-07-27 12:10:13.268873,-0.32	-1.02
2023-07-27 12:10:13.285745,-0.46	-1.00
2023-07-27 12:10:13.297843,-0.66	-1.00
2023-07-27 12:10:13.313362,-0.92	-1.05
2023-07-27 12:10:13.326199,-0.75	-1.14
2023-07-27 12:10:13.338224,-0.19	-1.50
2023-07-27 12:10:13.355207,0.04	-1.77
2023-07-27 12:10:13.367201,0.15	-1.77
2023-07-27 12:10:13.383200,0.00	-1.62
2023-07-27 12:10:13.396199,-0.13	-1.34
2023-07-27 12:10:13.408208,-0.46	-1.27
2023-07-27 12:10:13.424647,-0.51	-1.28
2023-07-27 12:10:13.437567,-0.47	-1.25
2023-07-27 12:10:13.452584,-0.38	-1.18
2023-07-27 12:10:13.465588,-0.31	-1.07
2023-07-27 12:10:13.477566,-0.21	-1.15
2023-07-27 12:10:13.493566,-0.42	-1.09
2023-07-27 12:10:13.506683,-0.50	-1.27
2023-07-27 12:10:13.522944,-0.58	-1.09
2023-07-27 12:10:13.535088,-0.50	-1.23
2023-07-27 12:10:13.547067,-0.35	-1.26
2023-07-27 12:10:13.563959,-0.24	-1.30
2023-07-27 12:10:13.575988,-0.31	-1.19
2023-07-27 12:10:13.591941,-0.45	-1.11
2023-07-27 12:10:13.605077,-0.56	-1.13
2023-07-27 12:10:13.621649,-0.70	-1.21
2023-07-27 12:10:13.633644,-0.61	-1.28
2023-07-27 12:10:13.645676,-0.47	-1.25
2023-07-27 12:10:13.661647,-0.29	-1.05
2023-07-27 12:10:13.674646,-0.30	-1.14
2023-07-27 12:10:13.690645,-0.34	-1.02
2023-07-27 12:10:13.702801,-0.55	-1.15
2023-07-27 12:10:13.715082,-0.59	-1.20
2023-07-27 12:10:13.731949,-0.45	-1.32
2023-07-27 12:10:13.743948,-0.41	-1.27
2023-07-27 12:10:13.759947,-0.36	-1.26
2023-07-27 12:10:13.772949,-0.43	-1.12
2023-07-27 12:10:13.785386,-0.50	-1.11
2023-07-27 12:10:13.801624,-0.72	-1.05
2023-07-27 12:10:13.813209,-0.66	-1.22
2023-07-27 12:10:13.830218,-0.63	-1.35
2023-07-27 12:10:13.842218,-0.50	-1.25
2023-07-27 12:10:13.855223,-0.40	-1.20
2023-07-27 12:10:13.871218,-0.33	-1.09
2023-07-27 12:10:13.883345,-0.43	-1.20
2023-07-27 12:10:13.899430,-0.40	-1.26
2023-07-27 12:10:13.912341,-0.60	-1.19
2023-07-27 12:10:13.924567,-0.63	-1.16
2023-07-27 12:10:13.940566,-0.53	-1.13
2023-07-27 12:10:13.953106,-0.39	-1.28
2023-07-27 12:10:13.969191,-0.30	-1.29
2023-07-27 12:10:13.981121,-0.20	-1.35
2023-07-27 12:10:13.994011,-0.28	-1.30
2023-07-27 12:10:14.010155,-0.45	-1.20
2023-07-27 12:10:14.022745,-0.71	-1.17
2023-07-27 12:10:14.038743,-0.69	-1.11
2023-07-27 12:10:14.050870,-0.69	-1.07
2023-07-27 12:10:14.062750,-0.57	-1.22
2023-07-27 12:10:14.079766,-0.37	-1.25
2023-07-27 12:10:14.091742,-0.38	-1.23
2023-07-27 12:10:14.107858,-0.33	-1.31
2023-07-27 12:10:14.121130,-0.49	-1.20
2023-07-27 12:10:14.133326,-0.69	-1.23
2023-07-27 12:10:14.149264,-0.89	-1.12
2023-07-27 12:10:14.162130,-0.74	-1.07
2023-07-27 12:10:14.178235,-0.48	-1.05
2023-07-27 12:10:14.190137,-0.39	-1.11
2023-07-27 12:10:14.202187,-0.38	-1.22
2023-07-27 12:10:14.218850,-0.42	-1.27
2023-07-27 12:10:14.230834,-0.50	-1.26
2023-07-27 12:10:14.247828,-0.73	-1.30
2023-07-27 12:10:14.259827,-0.71	-1.24
2023-07-27 12:10:14.271847,-0.75	-1.22
2023-07-27 12:10:14.288870,-0.72	-1.11
2023-07-27 12:10:14.301154,-0.56	-1.05
2023-07-27 12:10:14.317739,-0.41	-1.05
2023-07-27 12:10:14.329763,-0.39	-1.12
2023-07-27 12:10:14.341738,-0.47	-1.23
2023-07-27 12:10:14.358737,-0.53	-1.34
2023-07-27 12:10:14.370744,-0.59	-1.21
2023-07-27 12:10:14.387742,-0.58	-1.20
2023-07-27 12:10:14.398841,-0.61	-1.19
2023-07-27 12:10:14.415781,-0.63	-1.13
2023-07-27 12:10:14.427749,-0.44	-1.08
2023-07-27 12:10:14.439882,-0.45	-1.26
2023-07-27 12:10:14.456887,-0.76	-1.18
2023-07-27 12:10:14.469012,-0.64	-1.18
2023-07-27 12:10:14.484982,-0.47	-1.20
2023-07-27 12:10:14.497919,-0.53	-1.25
2023-07-27 12:10:14.509924,-0.49	-1.14
2023-07-27 12:10:14.526229,-0.33	-1.17
2023-07-27 12:10:14.538174,-0.43	-1.16
2023-07-27 12:10:14.554171,-0.61	-1.24
2023-07-27 12:10:14.567190,-0.71	-1.28
2023-07-27 12:10:14.579285,-0.76	-1.19
2023-07-27 12:10:14.596171,-0.82	-1.08
2023-07-27 12:10:14.608222,-0.69	-1.25
2023-07-27 12:10:14.624002,-0.43	-1.28
2023-07-27 12:10:14.636909,-0.36	-1.31
2023-07-27 12:10:14.649027,-0.31	-1.31
2023-07-27 12:10:14.665904,-0.40	-1.22
2023-07-27 12:10:14.677905,-0.63	-1.16
2023-07-27 12:10:14.693920,-0.58	-1.14
2023-07-27 12:10:14.706021,-0.65	-1.07
2023-07-27 12:10:14.718770,-0.72	-1.08
2023-07-27 12:10:14.734817,-0.61	-1.07
2023-07-27 12:10:14.747694,-0.48	-1.19
2023-07-27 12:10:14.763740,-0.68	-1.16
2023-07-27 12:10:14.775657,-0.85	-1.09
2023-07-27 12:10:14.788657,-0.80	-1.23
2023-07-27 12:10:14.804793,-0.76	-1.44
2023-07-27 12:10:14.816681,-0.48	-1.28
2023-07-27 12:10:14.833709,-0.45	-1.15
2023-07-27 12:10:14.845725,-0.44	-1.02
2023-07-27 12:10:14.857821,-0.42	-1.16
2023-07-27 12:10:14.874699,-0.62	-1.22
2023-07-27 12:10:14.886703,-0.69	-1.30
2023-07-27 12:10:14.903002,-0.66	-1.22
2023-07-27 12:10:14.915794,-0.55	-1.33
2023-07-27 12:10:14.931905,-0.55	-1.25
2023-07-27 12:10:14.943793,-0.48	-1.13
2023-07-27 12:10:14.955793,-0.63	-1.20
2023-07-27 12:10:14.972793,-0.63	-1.45
2023-07-27 12:10:14.984903,-0.41	-1.14
2023-07-27 12:10:15.000884,-0.50	-0.99
2023-07-27 12:10:15.013852,-0.56	-1.01
2023-07-27 12:10:15.025887,-0.48	-1.19
2023-07-27 12:10:15.041898,-0.57	-1.21
2023-07-27 12:10:15.054884,-0.75	-1.47
2023-07-27 12:10:15.070884,-0.82	-1.12
2023-07-27 12:10:15.083011,-0.83	-1.09
2023-07-27 12:10:15.094886,-0.65	-1.11
2023-07-27 12:10:15.112070,-0.67	-1.07
2023-07-27 12:10:15.124152,-0.70	-1.14
2023-07-27 12:10:15.140240,-0.59	-1.12
2023-07-27 12:10:15.153162,-0.49	-1.10
2023-07-27 12:10:15.165264,-0.43	-1.24
2023-07-27 12:10:15.181155,-0.63	-0.98
2023-07-27 12:10:15.194154,-0.64	-1.22
2023-07-27 12:10:15.210164,-0.54	-1.19
2023-07-27 12:10:15.222427,-0.58	-1.19
2023-07-27 12:10:15.234495,-0.77	-1.21
2023-07-27 12:10:15.251460,-0.92	-1.20
2023-07-27 12:10:15.263480,-0.90	-1.24
2023-07-27 12:10:15.279506,-0.83	-1.10
2023-07-27 12:10:15.292410,-0.62	-1.01
2023-07-27 12:10:15.304368,-0.62	-1.14
2023-07-27 12:10:15.321120,-0.57	-1.10
2023-07-27 12:10:15.333241,-0.44	-1.21
2023-07-27 12:10:15.349280,-0.45	-1.32
2023-07-27 12:10:15.362122,-0.59	-1.26
2023-07-27 12:10:15.374177,-0.62	-1.20
2023-07-27 12:10:15.390238,-0.69	-1.25
2023-07-27 12:10:15.402364,-0.72	-1.14
2023-07-27 12:10:15.419041,-0.77	-1.05
2023-07-27 12:10:15.431944,-0.80	-1.01
2023-07-27 12:10:15.448030,-0.71	-1.00
2023-07-27 12:10:15.460077,-0.62	-0.96
2023-07-27 12:10:15.472163,-0.72	-1.10
2023-07-27 12:10:15.488260,-0.63	-1.06
2023-07-27 12:10:15.501395,-0.69	-1.05
2023-07-27 12:10:15.517714,-0.68	-1.19
2023-07-27 12:10:15.529618,-0.75	-1.12
2023-07-27 12:10:15.541618,-0.77	-1.12
2023-07-27 12:10:15.558625,-0.87	-1.06
2023-07-27 12:10:15.570618,-0.78	-1.08
2023-07-27 12:10:15.586622,-0.85	-1.24
2023-07-27 12:10:15.599739,-0.91	-1.20
2023-07-27 12:10:15.611840,-0.90	-1.17
2023-07-27 12:10:15.627543,-0.70	-1.14
2023-07-27 12:10:15.640538,-0.58	-1.18
2023-07-27 12:10:15.656550,-0.42	-1.07
2023-07-27 12:10:15.668652,-0.51	-1.07
2023-07-27 12:10:15.681612,-0.56	-1.14
2023-07-27 12:10:15.697786,-0.65	-1.09
2023-07-27 12:10:15.709989,-0.69	-1.05
2023-07-27 12:10:15.726603,-0.92	-1.05
2023-07-27 12:10:15.738647,-0.95	-0.96
2023-07-27 12:10:15.750588,-0.82	-1.02
2023-07-27 12:10:15.767661,-0.65	-1.03
2023-07-27 12:10:15.779721,-0.65	-1.05
2023-07-27 12:10:15.795715,-0.66	-1.12
2023-07-27 12:10:15.807696,-0.71	-1.15
2023-07-27 12:10:15.820661,-0.70	-1.18
2023-07-27 12:10:15.836658,-0.73	-1.12
2023-07-27 12:10:15.849655,-0.77	-1.08
2023-07-27 12:10:15.865059,-0.81	-1.02
2023-07-27 12:10:15.878360,-0.83	-0.99
2023-07-27 12:10:15.890311,-0.82	-1.23
2023-07-27 12:10:15.906526,-0.74	-1.21
2023-07-27 12:10:15.918584,-0.76	-1.10
2023-07-27 12:10:15.935546,-0.79	-1.12
2023-07-27 12:10:15.947558,-0.81	-1.16
2023-07-27 12:10:15.963609,-0.78	-1.11
2023-07-27 12:10:15.976446,-0.62	-0.92
2023-07-27 12:10:15.988518,-0.68	-0.98
2023-07-27 12:10:16.004582,-0.80	-1.11
2023-07-27 12:10:16.016855,-0.77	-1.03
2023-07-27 12:10:16.032993,-0.81	-1.16
2023-07-27 12:10:16.046172,-0.73	-1.21
2023-07-27 12:10:16.058336,-0.78	-1.09
2023-07-27 12:10:16.074363,-0.70	-1.10
2023-07-27 12:10:16.086341,-0.70	-1.12
2023-07-27 12:10:16.102344,-0.72	-1.04
2023-07-27 12:10:16.114418,-0.64	-1.13
2023-07-27 12:10:16.128025,-0.69	-1.06
2023-07-27 12:10:16.144064,-0.73	-1.16
2023-07-27 12:10:16.155945,-0.65	-1.28
2023-07-27 12:10:16.172943,-0.76	-1.26
2023-07-27 12:10:16.185070,-0.78	-1.14
2023-07-27 12:10:16.197080,-0.80	-1.04
2023-07-27 12:10:16.214082,-0.78	-1.05
2023-07-27 12:10:16.226428,-0.79	-1.00
2023-07-27 12:10:16.242430,-0.63	-1.09
2023-07-27 12:10:16.254455,-0.60	-1.14
2023-07-27 12:10:16.266442,-0.62	-1.12
2023-07-27 12:10:16.283468,-0.68	-1.12
2023-07-27 12:10:16.295558,-0.69	-1.14
2023-07-27 12:10:16.311738,-0.77	-1.12
2023-07-27 12:10:16.324395,-0.65	-1.06
2023-07-27 12:10:16.336851,-0.73	-1.13
2023-07-27 12:10:16.352851,-0.79	-1.09
2023-07-27 12:10:16.364958,-0.76	-1.06
2023-07-27 12:10:16.382097,-0.72	-1.00
2023-07-27 12:10:16.394103,-0.68	-1.10
2023-07-27 12:10:16.410446,-0.72	-1.17
2023-07-27 12:10:16.422219,-0.67	-1.17
2023-07-27 12:10:16.435139,-0.65	-1.11
2023-07-27 12:10:16.451381,-0.70	-1.20
2023-07-27 12:10:16.463708,-0.66	-1.13
2023-07-27 12:10:16.479812,-0.64	-1.03
2023-07-27 12:10:16.492701,-0.63	-1.23
2023-07-27 12:10:16.504896,-0.76	-1.13
2023-07-27 12:10:16.520768,-0.71	-1.11
2023-07-27 12:10:16.532868,-0.73	-1.11
2023-07-27 12:10:16.548866,-0.68	-1.17
2023-07-27 12:10:16.561840,-0.60	-1.22
2023-07-27 12:10:16.573720,-0.64	-1.26
2023-07-27 12:10:16.590721,-0.54	-1.14
2023-07-27 12:10:16.602843,-0.53	-1.16
2023-07-27 12:10:16.619157,-0.66	-1.06
2023-07-27 12:10:16.632149,-0.70	-1.14
2023-07-27 12:10:16.644148,-0.71	-1.09
2023-07-27 12:10:16.660147,-0.71	-1.04
2023-07-27 12:10:16.672146,-0.72	-1.07
2023-07-27 12:10:16.688151,-0.64	-1.01
2023-07-27 12:10:16.701328,-0.60	-1.01
2023-07-27 12:10:16.713451,-0.47	-1.06
2023-07-27 12:10:16.730179,-0.49	-1.12
2023-07-27 12:10:16.742216,-0.53	-1.19
2023-07-27 12:10:16.758306,-0.55	-1.23
2023-07-27 12:10:16.770183,-0.63	-1.23
2023-07-27 12:10:16.786278,-0.71	-1.10
2023-07-27 12:10:16.799431,-0.66	-1.18
2023-07-27 12:10:16.811532,-0.69	-1.06
2023-07-27 12:10:16.828229,-0.68	-1.03
2023-07-27 12:10:16.841156,-0.68	-1.03
2023-07-27 12:10:16.857154,-0.68	-1.04
2023-07-27 12:10:16.869153,-0.64	-1.05
2023-07-27 12:10:16.881152,-0.62	-1.15
2023-07-27 12:10:16.898151,-0.66	-1.15
2023-07-27 12:10:16.910161,-0.66	-1.04
2023-07-27 12:10:16.925962,-0.64	-1.17
2023-07-27 12:10:16.938793,-0.75	-1.18
2023-07-27 12:10:16.950911,-0.74	-1.17
2023-07-27 12:10:16.967800,-0.74	-1.07
2023-07-27 12:10:16.979802,-0.67	-1.09
2023-07-27 12:10:16.995796,-0.58	-1.03
2023-07-27 12:10:17.007801,-0.60	-1.12
2023-07-27 12:10:17.020420,-0.58	-1.02
2023-07-27 12:10:17.036418,-0.71	-1.20
2023-07-27 12:10:17.049505,-0.83	-1.17
2023-07-27 12:10:17.065528,-0.74	-1.27
2023-07-27 12:10:17.078417,-0.68	-1.17
2023-07-27 12:10:17.090420,-0.66	-1.09
2023-07-27 12:10:17.106438,-0.64	-1.07
2023-07-27 12:10:17.118751,-0.60	-1.10
2023-07-27 12:10:17.134874,-0.59	-1.01
2023-07-27 12:10:17.147855,-0.53	-1.02
2023-07-27 12:10:17.159926,-0.51	-1.10
2023-07-27 12:10:17.175869,-0.65	-1.10
2023-07-27 12:10:17.188748,-0.67	-1.26
2023-07-27 12:10:17.204765,-0.63	-1.11
2023-07-27 12:10:17.216884,-0.63	-1.12
2023-07-27 12:10:17.233114,-0.63	-1.18
2023-07-27 12:10:17.245984,-0.69	-1.08
2023-07-27 12:10:17.257992,-0.65	-1.15
2023-07-27 12:10:17.273983,-0.61	-0.93
2023-07-27 12:10:17.286987,-0.65	-1.07
2023-07-27 12:10:17.303106,-0.56	-1.03
2023-07-27 12:10:17.315515,-0.60	-1.18
2023-07-27 12:10:17.328003,-0.57	-1.14
2023-07-27 12:10:17.344005,-0.70	-1.21
2023-07-27 12:10:17.356898,-0.61	-1.20
2023-07-27 12:10:17.372929,-0.64	-1.10
2023-07-27 12:10:17.384921,-0.78	-1.10
2023-07-27 12:10:17.397021,-0.75	-1.10
2023-07-27 12:10:17.413909,-0.77	-0.96
2023-07-27 12:10:17.426419,-0.76	-1.07
2023-07-27 12:10:17.442565,-0.64	-1.17
2023-07-27 12:10:17.454421,-0.63	-1.07
2023-07-27 12:10:17.467418,-0.69	-1.16
2023-07-27 12:10:17.483575,-0.72	-1.14
2023-07-27 12:10:17.495419,-0.71	-1.01
2023-07-27 12:10:17.511427,-0.70	-1.10
2023-07-27 12:10:17.524266,-0.66	-1.13
2023-07-27 12:10:17.536182,-0.68	-1.17
2023-07-27 12:10:17.553181,-0.74	-1.20
2023-07-27 12:10:17.565199,-0.71	-1.09
2023-07-27 12:10:17.581311,-0.72	-1.07
2023-07-27 12:10:17.594264,-0.87	-1.07
2023-07-27 12:10:17.606270,-0.76	-0.98
2023-07-27 12:10:17.623326,-0.75	-1.02
2023-07-27 12:10:17.634497,-0.68	-1.12
2023-07-27 12:10:17.651446,-0.64	-1.16
2023-07-27 12:10:17.663465,-0.68	-1.16
2023-07-27 12:10:17.676324,-0.70	-1.13
2023-07-27 12:10:17.692326,-0.72	-1.10
2023-07-27 12:10:17.704341,-0.76	-1.03
2023-07-27 12:10:17.720550,-0.76	-1.08
2023-07-27 12:10:17.733533,-0.77	-1.09
2023-07-27 12:10:17.749496,-0.71	-1.17
2023-07-27 12:10:17.761629,-0.71	-1.10
2023-07-27 12:10:17.774447,-0.67	-1.23
2023-07-27 12:10:17.790452,-0.66	-1.15
2023-07-27 12:10:17.802451,-0.72	-1.12
2023-07-27 12:10:17.818515,-0.71	-1.08
2023-07-27 12:10:17.831724,-0.72	-0.98
2023-07-27 12:10:17.843748,-0.72	-1.08
2023-07-27 12:10:17.860640,-0.71	-1.14
2023-07-27 12:10:17.872738,-0.67	-1.09
2023-07-27 12:10:17.888759,-0.74	-1.17
2023-07-27 12:10:17.900783,-0.69	-1.20
2023-07-27 12:10:17.913741,-0.70	-1.17
2023-07-27 12:10:17.929378,-0.74	-1.18
2023-07-27 12:10:17.942375,-0.72	-1.02
2023-07-27 12:10:17.958396,-0.63	-1.12
2023-07-27 12:10:17.970379,-0.70	-1.19
2023-07-27 12:10:17.983377,-0.69	-1.17
2023-07-27 12:10:17.999527,-0.72	-1.19
2023-07-27 12:10:18.011592,-0.78	-1.16
2023-07-27 12:10:18.027725,-0.76	-1.10
2023-07-27 12:10:18.040589,-0.75	-1.01
2023-07-27 12:10:18.052586,-0.75	-1.13
2023-07-27 12:10:18.068585,-0.73	-1.03
2023-07-27 12:10:18.081582,-0.71	-1.10
2023-07-27 12:10:18.097723,-0.67	-1.22
2023-07-27 12:10:18.109779,-0.64	-1.14
2023-07-27 12:10:18.126019,-0.69	-1.02
2023-07-27 12:10:18.138883,-0.72	-1.13
2023-07-27 12:10:18.150993,-0.71	-1.02
2023-07-27 12:10:18.167604,-0.77	-1.11
2023-07-27 12:10:18.179925,-0.67	-1.18
2023-07-27 12:10:18.195924,-0.72	-1.10
2023-07-27 12:10:18.208119,-0.74	-1.09
2023-07-27 12:10:18.220775,-0.74	-1.11
2023-07-27 12:10:18.236792,-0.71	-1.11
2023-07-27 12:10:18.248772,-0.71	-1.05
2023-07-27 12:10:18.265803,-0.72	-1.10
2023-07-27 12:10:18.277792,-0.75	-1.15
2023-07-27 12:10:18.290775,-0.71	-1.19
2023-07-27 12:10:18.306800,-0.74	-1.12
2023-07-27 12:10:18.318802,-0.68	-1.03
2023-07-27 12:10:18.335109,-0.63	-1.02
2023-07-27 12:10:18.347213,-0.65	-1.02
2023-07-27 12:10:18.360157,-0.70	-1.12
2023-07-27 12:10:18.376214,-0.67	-1.18
2023-07-27 12:10:18.389105,-0.70	-1.12
2023-07-27 12:10:18.405105,-0.79	-1.08
2023-07-27 12:10:18.417232,-0.70	-1.10
2023-07-27 12:10:18.429750,-0.76	-1.10
2023-07-27 12:10:18.445749,-0.79	-1.14
2023-07-27 12:10:18.457752,-0.72	-1.17
2023-07-27 12:10:18.474766,-0.64	-1.04
2023-07-27 12:10:18.486827,-0.63	-1.00
2023-07-27 12:10:18.502749,-0.70	-1.11
2023-07-27 12:10:18.515803,-0.66	-1.09
2023-07-27 12:10:18.527377,-0.71	-1.07
2023-07-27 12:10:18.544398,-0.79	-1.09
2023-07-27 12:10:18.556278,-0.76	-1.21
2023-07-27 12:10:18.573278,-0.70	-1.14
2023-07-27 12:10:18.585278,-0.73	-1.10
2023-07-27 12:10:18.597398,-0.66	-1.09
2023-07-27 12:10:18.614288,-0.73	-1.11
2023-07-27 12:10:18.626036,-0.69	-1.02
2023-07-27 12:10:18.641950,-0.68	-1.02
2023-07-27 12:10:18.655054,-0.74	-1.15
2023-07-27 12:10:18.667455,-0.75	-1.14
2023-07-27 12:10:18.683470,-0.72	-1.13
2023-07-27 12:10:18.695323,-0.72	-1.06
2023-07-27 12:10:18.712332,-0.64	-1.09
2023-07-27 12:10:18.723947,-0.67	-1.09
2023-07-27 12:10:18.736853,-0.70	-1.11
2023-07-27 12:10:18.752854,-0.66	-1.07
2023-07-27 12:10:18.764980,-0.64	-1.08
2023-07-27 12:10:18.781850,-0.68	-1.05
2023-07-27 12:10:18.793973,-0.64	-1.11
2023-07-27 12:10:18.805866,-0.77	-1.11
2023-07-27 12:10:18.822978,-0.82	-1.09
2023-07-27 12:10:18.834979,-0.80	-1.16
2023-07-27 12:10:18.851055,-0.77	-1.23
2023-07-27 12:10:18.863095,-0.64	-1.13
2023-07-27 12:10:18.880052,-0.59	-1.07
2023-07-27 12:10:18.892981,-0.52	-1.05
2023-07-27 12:10:18.904084,-0.57	-0.99
2023-07-27 12:10:18.921243,-0.63	-1.06
2023-07-27 12:10:18.933300,-0.72	-1.18
2023-07-27 12:10:18.949301,-0.73	-1.13
2023-07-27 12:10:18.962284,-0.76	-1.06
2023-07-27 12:10:18.974157,-0.73	-1.10
2023-07-27 12:10:18.990206,-0.79	-1.07
2023-07-27 12:10:19.003157,-0.81	-1.01
2023-07-27 12:10:19.019164,-0.69	-1.03
2023-07-27 12:10:19.031809,-0.64	-1.09
2023-07-27 12:10:19.044175,-0.65	-1.23
2023-07-27 12:10:19.060273,-0.67	-1.19
2023-07-27 12:10:19.072526,-0.71	-1.09
2023-07-27 12:10:19.088523,-0.68	-1.06
2023-07-27 12:10:19.100609,-0.73	-1.23
2023-07-27 12:10:19.113627,-0.71	-1.11
2023-07-27 12:10:19.129737,-0.70	-1.12
2023-07-27 12:10:19.142638,-0.73	-1.13
2023-07-27 12:10:19.158727,-0.72	-1.03
2023-07-27 12:10:19.170712,-0.77	-1.09
2023-07-27 12:10:19.182763,-0.65	-1.11
2023-07-27 12:10:19.199762,-0.64	-1.18
2023-07-27 12:10:19.212154,-0.83	-1.21
2023-07-27 12:10:19.227966,-0.69	-1.15
2023-07-27 12:10:19.240823,-0.69	-1.11
2023-07-27 12:10:19.252827,-0.69	-1.14
2023-07-27 12:10:19.268825,-0.73	-1.04
2023-07-27 12:10:19.281128,-0.65	-1.07
2023-07-27 12:10:19.298048,-0.71	-1.12
2023-07-27 12:10:19.310148,-0.72	-1.18
2023-07-27 12:10:19.326659,-0.77	-1.07
2023-07-27 12:10:19.338645,-0.81	-1.09
2023-07-27 12:10:19.350717,-0.73	-1.16
2023-07-27 12:10:19.366961,-0.67	-1.06
2023-07-27 12:10:19.379952,-0.76	-1.09
2023-07-27 12:10:19.395837,-0.71	-1.11
2023-07-27 12:10:19.408822,-0.70	-1.09
2023-07-27 12:10:19.420334,-0.83	-1.13
2023-07-27 12:10:19.437344,-0.83	-1.17
2023-07-27 12:10:19.449497,-0.84	-1.19
2023-07-27 12:10:19.465449,-0.74	-1.10
2023-07-27 12:10:19.478341,-0.64	-1.14
2023-07-27 12:10:19.490464,-0.58	-1.22
2023-07-27 12:10:19.506344,-0.62	-1.18
2023-07-27 12:10:19.518350,-0.63	-1.15
2023-07-27 12:10:19.534945,-0.70	-1.13
2023-07-27 12:10:19.547944,-0.68	-1.00
2023-07-27 12:10:19.560044,-0.68	-1.05
2023-07-27 12:10:19.575959,-0.79	-1.14
2023-07-27 12:10:19.588940,-0.69	-1.13
2023-07-27 12:10:19.604943,-0.76	-1.18
2023-07-27 12:10:19.616968,-0.82	-1.17
2023-07-27 12:10:19.629587,-0.76	-1.07
2023-07-27 12:10:19.645581,-0.75	-1.20
2023-07-27 12:10:19.658491,-0.81	-1.16
2023-07-27 12:10:19.674571,-0.67	-1.09
2023-07-27 12:10:19.686480,-0.69	-1.07
2023-07-27 12:10:19.702469,-0.74	-1.13
2023-07-27 12:10:19.715637,-0.73	-1.10
2023-07-27 12:10:19.728095,-0.79	-1.11
2023-07-27 12:10:19.744101,-0.81	-1.12
2023-07-27 12:10:19.756096,-0.79	-1.06
2023-07-27 12:10:19.772312,-0.74	-1.11
2023-07-27 12:10:19.785411,-0.74	-1.13
2023-07-27 12:10:19.797727,-0.73	-1.19
2023-07-27 12:10:19.813920,-0.73	-1.14
2023-07-27 12:10:19.826432,-0.71	-1.14
2023-07-27 12:10:19.842558,-0.79	-1.20
2023-07-27 12:10:19.854430,-0.75	-1.20
2023-07-27 12:10:19.866749,-0.75	-1.20
2023-07-27 12:10:19.883755,-0.70	-1.15
2023-07-27 12:10:19.895936,-0.68	-1.09
2023-07-27 12:10:19.911921,-0.81	-1.10
2023-07-27 12:10:19.924552,-0.74	-1.06
2023-07-27 12:10:19.936490,-0.83	-1.11
2023-07-27 12:10:19.952408,-0.83	-0.97
2023-07-27 12:10:19.965572,-0.64	-1.10
2023-07-27 12:10:19.981408,-0.70	-1.18
2023-07-27 12:10:19.994439,-0.70	-1.19
2023-07-27 12:10:20.006524,-0.68	-1.26
2023-07-27 12:10:20.022911,-0.69	-1.19
2023-07-27 12:10:20.034914,-0.70	-1.06
2023-07-27 12:10:20.050916,-0.73	-1.12
2023-07-27 12:10:20.063912,-0.75	-1.14
2023-07-27 12:10:20.076047,-0.82	-1.18
2023-07-27 12:10:20.092915,-0.81	-1.18
2023-07-27 12:10:20.104912,-0.75	-1.13
2023-07-27 12:10:20.120924,-0.73	-1.11
2023-07-27 12:10:20.133493,-0.74	-1.20
2023-07-27 12:10:20.149500,-0.70	-1.23
2023-07-27 12:10:20.161922,-0.76	-1.14
2023-07-27 12:10:20.173912,-0.73	-1.04
2023-07-27 12:10:20.190918,-0.78	-1.08
2023-07-27 12:10:20.202801,-0.77	-1.12
2023-07-27 12:10:20.218881,-0.69	-1.03
2023-07-27 12:10:20.232016,-0.66	-1.10
2023-07-27 12:10:20.244016,-0.68	-1.19
2023-07-27 12:10:20.260021,-0.74	-1.11
2023-07-27 12:10:20.272016,-0.73	-1.17
2023-07-27 12:10:20.289052,-0.82	-1.18
2023-07-27 12:10:20.301020,-0.81	-1.14
2023-07-27 12:10:20.313313,-0.77	-1.14
2023-07-27 12:10:20.329978,-0.85	-1.17
2023-07-27 12:10:20.341961,-0.81	-1.14
2023-07-27 12:10:20.358826,-0.75	-1.14
2023-07-27 12:10:20.370827,-0.69	-1.16
2023-07-27 12:10:20.383002,-0.76	-1.09
2023-07-27 12:10:20.399514,-0.80	-1.17
2023-07-27 12:10:20.411634,-0.79	-1.22
2023-07-27 12:10:20.428305,-0.69	-1.04
2023-07-27 12:10:20.440191,-0.70	-1.11
2023-07-27 12:10:20.453173,-0.70	-1.19
2023-07-27 12:10:20.468639,-0.74	-1.12
2023-07-27 12:10:20.481743,-0.73	-1.16
2023-07-27 12:10:20.497793,-0.73	-1.18
2023-07-27 12:10:20.509801,-0.81	-1.14
2023-07-27 12:10:20.526312,-0.82	-1.07
2023-07-27 12:10:20.538310,-0.71	-1.12
2023-07-27 12:10:20.550753,-0.72	-1.18
2023-07-27 12:10:20.567751,-0.69	-1.21
2023-07-27 12:10:20.579888,-0.90	-1.08
2023-07-27 12:10:20.595920,-0.83	-0.97
2023-07-27 12:10:20.608873,-0.82	-1.06
2023-07-27 12:10:20.620944,-0.65	-1.07
2023-07-27 12:10:20.637513,-0.79	-1.21
2023-07-27 12:10:20.649626,-0.74	-1.25
2023-07-27 12:10:20.665654,-0.69	-1.22
2023-07-27 12:10:20.678510,-0.71	-1.23
2023-07-27 12:10:20.690610,-0.72	-1.03
2023-07-27 12:10:20.706636,-0.83	-1.02
2023-07-27 12:10:20.718586,-0.95	-1.11
2023-07-27 12:10:20.734837,-0.95	-1.17
2023-07-27 12:10:20.747835,-0.94	-1.09
2023-07-27 12:10:20.759834,-0.04	-1.17
2023-07-27 12:10:20.776837,-0.57	-1.14
2023-07-27 12:10:20.788836,-0.71	-1.08
2023-07-27 12:10:20.804838,-1.18	-1.15
2023-07-27 12:10:20.816994,-0.99	-1.05
2023-07-27 12:10:20.829422,-0.45	-1.09
2023-07-27 12:10:20.846338,-0.36	-1.04
2023-07-27 12:10:20.858259,-0.69	-1.03
2023-07-27 12:10:20.875262,-1.07	-1.16
2023-07-27 12:10:20.887259,-0.96	-1.25
2023-07-27 12:10:20.899274,-0.73	-1.13
2023-07-27 12:10:20.915375,-0.64	-1.11
2023-07-27 12:10:20.928027,-0.61	-1.22
2023-07-27 12:10:20.944052,-0.91	-1.19
2023-07-27 12:10:20.956887,-0.93	-1.14
2023-07-27 12:10:20.972975,-0.75	-1.10
2023-07-27 12:10:20.984893,-0.59	-1.17
2023-07-27 12:10:20.997887,-0.46	-1.01
2023-07-27 12:10:21.014013,-0.62	-1.12
2023-07-27 12:10:21.026450,-0.65	-1.21
2023-07-27 12:10:21.042736,-0.85	-1.16
2023-07-27 12:10:21.054668,-0.90	-1.10
2023-07-27 12:10:21.066737,-0.85	-1.10
2023-07-27 12:10:21.083633,-1.61	0.15
2023-07-27 12:10:21.095738,-0.83	-0.90
2023-07-27 12:10:21.111831,-0.64	-1.08
2023-07-27 12:10:21.124325,-0.09	-1.09
2023-07-27 12:10:21.136283,-0.29	-1.45
2023-07-27 12:10:21.153288,-0.35	-1.48
2023-07-27 12:10:21.165432,-0.47	-1.64
2023-07-27 12:10:21.181440,-0.52	-1.55
2023-07-27 12:10:21.194394,-0.80	-1.32
2023-07-27 12:10:21.206432,-0.80	-1.15
2023-07-27 12:10:21.223297,-0.95	-1.06
2023-07-27 12:10:21.234443,-0.92	-1.06
2023-07-27 12:10:21.251443,-0.82	-1.09
2023-07-27 12:10:21.263570,-0.63	-1.11
2023-07-27 12:10:21.276441,-0.37	-1.86
2023-07-27 12:10:21.292553,-0.52	-1.24
2023-07-27 12:10:21.304471,-0.61	-1.22
2023-07-27 12:10:21.320614,-0.89	0.68
2023-07-27 12:10:21.332927,-0.93	0.17
2023-07-27 12:10:21.345877,-1.14	-0.66
2023-07-27 12:10:21.361893,-0.82	-1.33
2023-07-27 12:10:21.373918,-0.79	-1.68
2023-07-27 12:10:21.390850,-0.68	-1.74
2023-07-27 12:10:21.402890,-0.69	-1.74
2023-07-27 12:10:21.415236,-0.64	-1.60
2023-07-27 12:10:21.432059,-0.71	-1.37
2023-07-27 12:10:21.444141,-0.74	-1.18
2023-07-27 12:10:21.460113,-0.76	-1.04
2023-07-27 12:10:21.472991,-0.78	-0.93
2023-07-27 12:10:21.484997,-0.89	-0.99
2023-07-27 12:10:21.500994,-0.84	-1.03
2023-07-27 12:10:21.514132,-0.69	-1.09
2023-07-27 12:10:21.530051,-0.52	-1.14
2023-07-27 12:10:21.542021,-0.51	-1.20
2023-07-27 12:10:21.558933,-0.46	-1.18
2023-07-27 12:10:21.570904,-0.98	-1.11
2023-07-27 12:10:21.583028,-0.86	-1.08
2023-07-27 12:10:21.599908,-0.57	-0.77
2023-07-27 12:10:21.612144,-0.58	-0.69
2023-07-27 12:10:21.627525,0.05	-0.93
2023-07-27 12:10:21.640700,-0.67	-0.99
2023-07-27 12:10:21.652979,-0.85	-1.25
2023-07-27 12:10:21.669349,-1.01	-1.24
2023-07-27 12:10:21.681492,-1.15	-1.23
2023-07-27 12:10:21.697466,-0.94	-1.21
2023-07-27 12:10:21.710444,-1.06	-0.84
2023-07-27 12:10:21.722567,-0.74	-1.16
2023-07-27 12:10:21.739081,-0.66	-1.03
2023-07-27 12:10:21.751085,-0.54	-1.23
2023-07-27 12:10:21.767090,-0.58	-1.27
2023-07-27 12:10:21.780172,-0.68	-1.25
2023-07-27 12:10:21.792182,-0.95	-1.13
2023-07-27 12:10:21.809083,-0.94	-1.15
2023-07-27 12:10:21.820187,-0.76	-0.95
2023-07-27 12:10:21.837396,-0.84	-0.93
2023-07-27 12:10:21.849409,-0.87	-0.79
2023-07-27 12:10:21.861497,-0.69	-0.83
2023-07-27 12:10:21.878398,-0.59	-1.08
2023-07-27 12:10:21.890500,-0.64	-1.18
2023-07-27 12:10:21.906505,-0.72	-1.20
2023-07-27 12:10:21.918585,-0.77	-1.14
2023-07-27 12:10:21.931466,-0.79	-1.27
2023-07-27 12:10:21.947426,-0.89	-1.34
2023-07-27 12:10:21.960374,-0.89	-1.17
2023-07-27 12:10:21.976478,-0.89	-1.10
2023-07-27 12:10:21.988326,-0.90	-1.05
2023-07-27 12:10:22.000324,-0.87	-1.31
2023-07-27 12:10:22.017358,-0.80	-1.23
2023-07-27 12:10:22.029666,-0.78	-0.94
2023-07-27 12:10:22.045647,-0.69	-1.03
2023-07-27 12:10:22.058601,-0.57	-1.02
2023-07-27 12:10:22.070529,-0.76	-1.06
2023-07-27 12:10:22.086525,-0.75	-0.99
2023-07-27 12:10:22.099589,-0.83	-1.08
2023-07-27 12:10:22.115859,-1.05	-1.22
2023-07-27 12:10:22.127422,-1.71	-0.99
2023-07-27 12:10:22.140431,-0.05	-0.37
2023-07-27 12:10:22.156497,-0.40	-0.70
2023-07-27 12:10:22.168672,-0.58	-1.24
2023-07-27 12:10:22.184842,-0.65	-1.28
2023-07-27 12:10:22.197908,-0.68	-1.40
2023-07-27 12:10:22.209859,-0.80	-1.25
2023-07-27 12:10:22.226379,-0.71	-1.17
2023-07-27 12:10:22.238377,-0.91	-1.26
2023-07-27 12:10:22.254381,-0.86	-1.15
2023-07-27 12:10:22.267379,-0.89	-1.11
2023-07-27 12:10:22.283378,-0.98	-1.03
2023-07-27 12:10:22.295498,-0.88	-1.05
2023-07-27 12:10:22.308475,-0.74	-0.93
2023-07-27 12:10:22.324535,-0.71	-1.08
2023-07-27 12:10:22.336755,-0.81	-1.16
2023-07-27 12:10:22.352738,-0.69	-1.21
2023-07-27 12:10:22.365788,-0.63	-0.95
2023-07-27 12:10:22.377897,-0.65	-1.06
2023-07-27 12:10:22.393882,-0.73	-0.99
2023-07-27 12:10:22.406736,-0.86	-0.96
2023-07-27 12:10:22.422965,-0.96	-1.03
2023-07-27 12:10:22.435478,-0.87	-1.12
2023-07-27 12:10:22.447635,-0.83	-1.10
2023-07-27 12:10:22.463625,-0.81	-1.06
2023-07-27 12:10:22.475477,-0.80	-1.13
2023-07-27 12:10:22.492592,-0.74	-1.15
2023-07-27 12:10:22.504480,-0.66	-1.19
2023-07-27 12:10:22.516625,-0.51	-1.20
2023-07-27 12:10:22.532930,-0.64	-0.95
2023-07-27 12:10:22.546006,-0.81	-1.01
2023-07-27 12:10:22.562087,-0.80	-1.19
2023-07-27 12:10:22.573951,-0.92	-1.18
2023-07-27 12:10:22.586927,-0.87	-1.06
2023-07-27 12:10:22.602929,-0.78	-1.02
2023-07-27 12:10:22.615184,-0.78	-0.95
2023-07-27 12:10:22.631932,-0.74	-1.05
2023-07-27 12:10:22.644076,-0.72	-1.08
2023-07-27 12:10:22.656319,-0.71	-1.18
2023-07-27 12:10:22.672505,-0.70	-1.13
2023-07-27 12:10:22.684508,-0.74	-1.06
2023-07-27 12:10:22.701507,-0.70	-1.12
2023-07-27 12:10:22.713776,-0.75	-1.21
2023-07-27 12:10:22.729579,-0.84	-1.17
2023-07-27 12:10:22.742504,-0.87	-1.14
2023-07-27 12:10:22.754393,-0.88	-1.04
2023-07-27 12:10:22.771399,-0.93	-0.97
2023-07-27 12:10:22.783393,-0.77	-0.95
2023-07-27 12:10:22.799406,-0.72	-1.70
2023-07-27 12:10:22.811674,-0.71	-1.53
2023-07-27 12:10:22.824528,-0.63	-1.49
2023-07-27 12:10:22.840123,-0.75	-1.49
2023-07-27 12:10:22.853041,-0.72	-1.23
2023-07-27 12:10:22.869051,-0.83	-1.09
2023-07-27 12:10:22.881202,-0.90	-0.91
2023-07-27 12:10:22.894104,-0.84	-0.61
2023-07-27 12:10:22.910182,-0.80	-1.19
2023-07-27 12:10:22.922190,-0.75	-1.18
2023-07-27 12:10:22.938350,-0.87	-0.93
2023-07-27 12:10:22.951349,-0.87	-1.21
2023-07-27 12:10:22.963503,-0.81	-0.88
2023-07-27 12:10:22.979467,-0.64	-1.11
2023-07-27 12:10:22.992573,-0.60	-1.43
2023-07-27 12:10:23.008042,-0.67	-1.25
2023-07-27 12:10:23.020960,-0.75	-1.05
2023-07-27 12:10:23.032670,-0.88	-1.07
2023-07-27 12:10:23.049666,-0.86	-1.12
2023-07-27 12:10:23.061780,-1.01	-1.73
2023-07-27 12:10:23.077788,-0.86	-1.17
2023-07-27 12:10:23.090759,-0.84	-0.96
2023-07-27 12:10:23.102750,-0.78	-0.81
2023-07-27 12:10:23.118703,-0.65	-1.01
2023-07-27 12:10:23.131110,-0.74	-1.09
2023-07-27 12:10:23.147997,-0.74	-1.13
2023-07-27 12:10:23.160131,-0.93	-1.64
2023-07-27 12:10:23.172060,0.17	-0.20
2023-07-27 12:10:23.188976,0.80	3.18
2023-07-27 12:10:23.200984,-5.49	4.60
2023-07-27 12:10:23.217092,-2.55	1.39
2023-07-27 12:10:23.229964,-0.47	-6.69
2023-07-27 12:10:23.241998,3.86	-0.51
2023-07-27 12:10:23.258000,-8.93	2.12
2023-07-27 12:10:23.270966,0.74	-1.69
2023-07-27 12:10:23.287178,0.49	-2.51
2023-07-27 12:10:23.299179,-2.20	1.81
2023-07-27 12:10:23.311520,2.26	0.76
2023-07-27 12:10:23.327898,-1.04	-6.35
2023-07-27 12:10:23.339878,1.41	-0.86
2023-07-27 12:10:23.356912,0.76	3.50
2023-07-27 12:10:23.368979,2.96	5.48
2023-07-27 12:10:23.381023,-5.27	1.12
2023-07-27 12:10:23.397953,-0.49	-3.25
2023-07-27 12:10:23.410059,-10.05	-2.79
2023-07-27 12:10:23.426002,-5.23	-6.14
2023-07-27 12:10:23.438249,10.48	-9.80
2023-07-27 12:10:23.451156,3.27	-7.32
2023-07-27 12:10:23.467155,0.44	-2.95
2023-07-27 12:10:23.479290,-0.96	1.30
2023-07-27 12:10:23.496153,-0.58	5.13
2023-07-27 12:10:23.508306,-6.85	3.38
2023-07-27 12:10:23.520338,0.01	6.41
2023-07-27 12:10:23.537050,-1.91	3.37
2023-07-27 12:10:23.549051,-6.24	-3.81
2023-07-27 12:10:23.565196,-1.96	-0.78
2023-07-27 12:10:23.578091,-3.54	-3.11
2023-07-27 12:10:23.590126,6.10	4.57
2023-07-27 12:10:23.606051,2.52	-1.55
2023-07-27 12:10:23.618615,2.22	-15.84
2023-07-27 12:10:23.635365,4.69	-0.56
2023-07-27 12:10:23.647493,4.28	6.43
2023-07-27 12:10:23.659567,-6.30	6.10
2023-07-27 12:10:23.676410,-3.97	4.13
2023-07-27 12:10:23.688453,-7.72	6.51
2023-07-27 12:10:23.705366,-15.27	1.23
2023-07-27 12:10:23.717379,5.89	-9.03
2023-07-27 12:10:23.728996,4.17	-1.54
2023-07-27 12:10:23.746000,-0.06	1.80
2023-07-27 12:10:23.757914,1.44	-1.55
2023-07-27 12:10:23.774025,5.27	-5.46
2023-07-27 12:10:23.786914,0.80	0.88
2023-07-27 12:10:23.798930,-3.40	2.99
2023-07-27 12:10:23.815187,-9.62	6.13
2023-07-27 12:10:23.827854,-1.94	8.21
2023-07-27 12:10:23.839978,-1.93	-5.10
2023-07-27 12:10:23.856242,-4.87	-0.67
2023-07-27 12:10:23.868133,-0.79	2.78
2023-07-27 12:10:23.885133,-2.63	0.40
2023-07-27 12:10:23.897131,-10.44	-20.62
2023-07-27 12:10:23.909258,2.22	-8.43
2023-07-27 12:10:23.925340,7.16	2.38
2023-07-27 12:10:23.937884,3.10	-3.82
2023-07-27 12:10:23.954960,4.74	4.32
2023-07-27 12:10:23.966929,-7.44	3.07
2023-07-27 12:10:23.979884,-8.07	2.25
2023-07-27 12:10:23.995886,-9.60	-10.28
2023-07-27 12:10:24.008022,-3.57	-0.63
2023-07-27 12:10:24.024130,5.68	5.41
2023-07-27 12:10:24.036734,7.65	-0.70
2023-07-27 12:10:24.048732,6.09	7.36
2023-07-27 12:10:24.065730,-1.95	1.17
2023-07-27 12:10:24.077821,2.81	-0.10
2023-07-27 12:10:24.093870,-10.46	1.05
2023-07-27 12:10:24.105819,5.37	-5.26
2023-07-27 12:10:24.117771,-1.31	1.09
2023-07-27 12:10:24.134325,6.62	-4.46
2023-07-27 12:10:24.147408,5.89	-3.16
2023-07-27 12:10:24.163488,-6.31	-4.69
2023-07-27 12:10:24.175486,-7.77	0.47
2023-07-27 12:10:24.188324,-8.21	-5.36
2023-07-27 12:10:24.204325,4.56	1.91
2023-07-27 12:10:24.216480,1.62	3.61
2023-07-27 12:10:24.233250,1.15	2.51
2023-07-27 12:10:24.245248,-1.67	4.35
2023-07-27 12:10:24.257278,0.05	-7.37
2023-07-27 12:10:24.274249,7.06	5.46
2023-07-27 12:10:24.286252,1.56	-7.53
2023-07-27 12:10:24.302325,-2.75	2.03
2023-07-27 12:10:24.315479,-0.89	-3.62
2023-07-27 12:10:24.326369,-10.95	1.24
2023-07-27 12:10:24.344004,-1.39	6.85
2023-07-27 12:10:24.355898,2.28	-2.56
2023-07-27 12:10:24.371898,-2.57	0.11
2023-07-27 12:10:24.384910,-1.93	1.75
2023-07-27 12:10:24.397075,4.98	-13.62
2023-07-27 12:10:24.413053,1.79	-0.92
2023-07-27 12:10:24.426059,1.58	9.37
2023-07-27 12:10:24.442334,-9.40	-0.77
2023-07-27 12:10:24.454438,-0.04	-2.36
2023-07-27 12:10:24.466335,0.84	6.90
2023-07-27 12:10:24.482337,-5.85	-4.92
2023-07-27 12:10:24.495338,-1.34	1.68
2023-07-27 12:10:24.511381,-1.31	-8.96
2023-07-27 12:10:24.523588,2.00	-6.41
2023-07-27 12:10:24.536156,0.41	3.87
2023-07-27 12:10:24.552206,6.76	-3.22
2023-07-27 12:10:24.565130,-0.16	-1.77
2023-07-27 12:10:24.581277,-3.28	13.40
2023-07-27 12:10:24.593286,-2.01	5.56
2023-07-27 12:10:24.606200,-9.46	-0.77
2023-07-27 12:10:24.622313,-5.60	4.94
2023-07-27 12:10:24.634526,3.58	-5.44
2023-07-27 12:10:24.650894,8.21	-0.41
2023-07-27 12:10:24.663034,14.71	-4.36
2023-07-27 12:10:24.675886,0.32	-6.02
2023-07-27 12:10:24.692016,-0.74	-4.88
2023-07-27 12:10:24.703887,-10.01	0.70
2023-07-27 12:10:24.721063,-6.67	-0.35
2023-07-27 12:10:24.732402,-6.40	3.50
2023-07-27 12:10:24.745365,5.99	-2.79
2023-07-27 12:10:24.761513,4.30	-5.82
2023-07-27 12:10:24.773505,-0.94	-6.43
2023-07-27 12:10:24.790365,-0.57	-5.79
2023-07-27 12:10:24.802379,-2.68	3.97
2023-07-27 12:10:24.814626,-0.67	0.75
2023-07-27 12:10:24.831380,-0.97	8.83
2023-07-27 12:10:24.843390,1.42	9.84
2023-07-27 12:10:24.859379,-4.75	1.34
2023-07-27 12:10:24.872265,3.36	-6.67
2023-07-27 12:10:24.884270,-5.73	-3.59
2023-07-27 12:10:24.900652,-1.18	-4.22
2023-07-27 12:10:24.912787,10.12	0.13
2023-07-27 12:10:24.929637,-7.59	6.76
2023-07-27 12:10:24.941647,5.35	4.67
2023-07-27 12:10:24.954629,-5.98	3.32
2023-07-27 12:10:24.970634,-12.11	-3.53
2023-07-27 12:10:24.982632,-3.58	-1.98
2023-07-27 12:10:24.999012,5.65	-6.79
2023-07-27 12:10:25.011132,-7.18	-1.45
2023-07-27 12:10:25.024009,9.87	-0.09
2023-07-27 12:10:25.039925,9.27	-5.35
2023-07-27 12:10:25.051842,-0.62	-3.72
2023-07-27 12:10:25.068870,-1.43	-1.61
2023-07-27 12:10:25.080929,2.87	-1.61
2023-07-27 12:10:25.092936,-7.58	1.16
2023-07-27 12:10:25.109883,0.42	6.26
2023-07-27 12:10:25.121957,-11.69	9.16
2023-07-27 12:10:25.138564,-2.32	9.27
2023-07-27 12:10:25.150561,-4.69	4.98
2023-07-27 12:10:25.162698,-2.21	3.34
2023-07-27 12:10:25.179562,5.85	-8.30
2023-07-27 12:10:25.191859,0.23	-9.75
2023-07-27 12:10:25.207864,10.41	3.21
2023-07-27 12:10:25.220061,-3.87	-1.67
2023-07-27 12:10:25.232796,-4.19	-9.09
2023-07-27 12:10:25.248796,-10.33	1.62
2023-07-27 12:10:25.260971,0.49	6.35
2023-07-27 12:10:25.277815,4.00	-6.72
2023-07-27 12:10:25.289941,-0.17	-1.53
2023-07-27 12:10:25.301893,3.74	6.01
2023-07-27 12:10:25.318882,7.92	-12.56
2023-07-27 12:10:25.330373,5.87	-4.35
2023-07-27 12:10:25.347371,9.66	0.79
2023-07-27 12:10:25.359343,11.53	4.64
2023-07-27 12:10:25.371303,5.37	6.78
2023-07-27 12:10:25.388339,-14.83	-0.35
2023-07-27 12:10:25.400229,-10.91	0.46
2023-07-27 12:10:25.416293,-15.42	-11.28
2023-07-27 12:10:25.429045,-8.95	-0.35
2023-07-27 12:10:25.441189,7.62	5.21
2023-07-27 12:10:25.457773,7.31	-5.60
2023-07-27 12:10:25.469776,2.16	5.75
2023-07-27 12:10:25.485811,-0.09	0.19
2023-07-27 12:10:25.498812,-2.12	4.31
2023-07-27 12:10:25.510954,-8.69	-3.43
2023-07-27 12:10:25.527052,-5.62	6.01
2023-07-27 12:10:25.540102,5.30	-1.00
2023-07-27 12:10:25.556246,7.16	-5.49
2023-07-27 12:10:25.568126,4.50	-3.25
2023-07-27 12:10:25.580242,-1.01	-5.93
2023-07-27 12:10:25.597200,-9.89	-2.93
2023-07-27 12:10:25.609105,1.86	3.86
2023-07-27 12:10:25.625208,4.92	4.25
2023-07-27 12:10:25.638387,3.60	1.97
2023-07-27 12:10:25.650389,-3.47	1.49
2023-07-27 12:10:25.666387,-10.70	-4.46
2023-07-27 12:10:25.679094,6.93	8.94
2023-07-27 12:10:25.695167,-2.12	-1.60
2023-07-27 12:10:25.707978,1.86	1.12
2023-07-27 12:10:25.720135,-6.63	5.12
2023-07-27 12:10:25.736643,0.84	-2.65
2023-07-27 12:10:25.748638,2.85	-8.91
2023-07-27 12:10:25.764635,-5.63	-7.78
2023-07-27 12:10:25.777635,0.68	-0.83
2023-07-27 12:10:25.789743,1.08	2.30
2023-07-27 12:10:25.805812,5.26	5.89
2023-07-27 12:10:25.817642,-2.41	8.67
2023-07-27 12:10:25.834326,6.23	5.91
2023-07-27 12:10:25.847407,-0.01	3.49
2023-07-27 12:10:25.859404,0.98	-2.35
2023-07-27 12:10:25.875420,1.81	-8.16
2023-07-27 12:10:25.887438,3.03	-1.02
2023-07-27 12:10:25.904414,10.51	-6.94
2023-07-27 12:10:25.916423,1.42	4.49
2023-07-27 12:10:25.929425,-0.64	-2.83
2023-07-27 12:10:25.945071,0.57	3.95
2023-07-27 12:10:25.957059,0.80	7.44
2023-07-27 12:10:25.974039,-12.05	-0.05
2023-07-27 12:10:25.986222,-10.32	-9.06
2023-07-27 12:10:25.998485,-4.01	-9.68
2023-07-27 12:10:26.014484,-8.05	-2.33
2023-07-27 12:10:26.027490,-3.27	2.29
2023-07-27 12:10:26.043647,1.48	-0.73
2023-07-27 12:10:26.055639,8.48	0.94
2023-07-27 12:10:26.067521,1.28	0.41
2023-07-27 12:10:26.084519,9.06	2.71
2023-07-27 12:10:26.096646,5.44	3.07
2023-07-27 12:10:26.112537,14.49	-7.97
2023-07-27 12:10:26.125717,-2.23	-3.41
2023-07-27 12:10:26.137915,-5.39	-3.80
2023-07-27 12:10:26.153937,-9.02	-10.78
2023-07-27 12:10:26.165875,-6.35	3.28
2023-07-27 12:10:26.181879,-2.18	-5.62
2023-07-27 12:10:26.195015,-8.65	0.73
2023-07-27 12:10:26.207875,2.50	-2.35
2023-07-27 12:10:26.224019,-0.59	0.16
2023-07-27 12:10:26.235823,-4.96	-5.26
2023-07-27 12:10:26.251820,-6.72	-3.61
2023-07-27 12:10:26.264820,-1.75	-3.52
2023-07-27 12:10:26.276822,11.18	-4.57
2023-07-27 12:10:26.292825,6.32	-2.98
2023-07-27 12:10:26.305820,-13.69	-4.22
2023-07-27 12:10:26.321953,-13.02	-0.42
2023-07-27 12:10:26.334110,2.26	-3.22
2023-07-27 12:10:26.346253,11.03	4.74
2023-07-27 12:10:26.363177,10.82	6.34
2023-07-27 12:10:26.375238,-2.56	-8.77
2023-07-27 12:10:26.391230,-2.14	-0.25
2023-07-27 12:10:26.404158,-7.39	1.58
2023-07-27 12:10:26.416124,2.13	2.19
2023-07-27 12:10:26.432261,-5.53	-5.49
2023-07-27 12:10:26.444265,-11.03	-0.06
2023-07-27 12:10:26.461367,1.45	-0.47
2023-07-27 12:10:26.473257,8.17	0.26
2023-07-27 12:10:26.485256,2.67	4.99
2023-07-27 12:10:26.502364,-6.66	0.60
2023-07-27 12:10:26.514400,-0.65	1.27
2023-07-27 12:10:26.531268,2.36	-4.05
2023-07-27 12:10:26.543381,2.05	-3.63
2023-07-27 12:10:26.555252,6.72	-1.40
2023-07-27 12:10:26.571411,3.05	0.20
2023-07-27 12:10:26.584257,3.89	2.64
2023-07-27 12:10:26.600290,-9.20	2.76
2023-07-27 12:10:26.612403,3.69	0.74
2023-07-27 12:10:26.625375,-2.45	-5.62
2023-07-27 12:10:26.641680,-4.60	-9.36
2023-07-27 12:10:26.653705,-4.53	-5.96
2023-07-27 12:10:26.669576,7.76	-19.19
2023-07-27 12:10:26.682580,2.38	6.87
2023-07-27 12:10:26.694694,4.49	7.99
2023-07-27 12:10:26.711574,-11.51	-1.32
2023-07-27 12:10:26.723581,-16.24	-5.18
2023-07-27 12:10:26.740002,-4.70	-4.76
2023-07-27 12:10:26.752289,-6.24	0.35
2023-07-27 12:10:26.764418,-5.60	2.90
2023-07-27 12:10:26.780432,-0.96	4.38
2023-07-27 12:10:26.792508,-6.76	-3.05
2023-07-27 12:10:26.808934,1.71	-1.18
2023-07-27 12:10:26.821775,6.04	1.34
2023-07-27 12:10:26.833837,0.69	-9.82
2023-07-27 12:10:26.849861,5.02	-3.98
2023-07-27 12:10:26.863179,-5.91	3.52
2023-07-27 12:10:26.879192,-6.02	1.00
2023-07-27 12:10:26.891252,-2.90	-5.25
2023-07-27 12:10:26.903294,9.16	2.01
2023-07-27 12:10:26.920196,5.24	2.51
2023-07-27 12:10:26.932034,4.72	-0.72
2023-07-27 12:10:26.944160,-2.89	9.87
2023-07-27 12:10:26.961149,2.31	-5.08
2023-07-27 12:10:26.973145,-1.59	-4.32
2023-07-27 12:10:26.989181,-4.46	-0.80
2023-07-27 12:10:27.001453,-0.86	0.00
2023-07-27 12:10:27.014555,-8.08	8.86
2023-07-27 12:10:27.029732,-9.66	1.94
2023-07-27 12:10:27.043254,-8.50	-0.63
2023-07-27 12:10:27.059370,0.09	0.82
2023-07-27 12:10:27.071375,3.87	-16.89
2023-07-27 12:10:27.083281,6.58	-3.94
2023-07-27 12:10:27.100336,8.38	-1.19
2023-07-27 12:10:27.112386,-4.08	5.23
2023-07-27 12:10:27.128394,-4.69	6.65
2023-07-27 12:10:27.140675,-15.71	15.82
2023-07-27 12:10:27.153625,0.52	3.51
2023-07-27 12:10:27.169539,-0.77	6.12
2023-07-27 12:10:27.181541,-3.25	-16.90
2023-07-27 12:10:27.198546,4.01	-6.97
2023-07-27 12:10:27.210670,-1.20	-10.29
2023-07-27 12:10:27.223551,-3.95	-1.07
2023-07-27 12:10:27.240191,-7.11	-9.24
2023-07-27 12:10:27.251194,4.64	10.47
2023-07-27 12:10:27.268191,5.43	8.44
2023-07-27 12:10:27.280327,3.74	6.18
2023-07-27 12:10:27.292335,-5.20	-7.69
2023-07-27 12:10:27.308687,-2.24	4.38
2023-07-27 12:10:27.320836,3.79	6.47
2023-07-27 12:10:27.337536,-15.97	-1.45
2023-07-27 12:10:27.349385,-9.93	2.49
2023-07-27 12:10:27.366398,13.52	-4.64
2023-07-27 12:10:27.378515,0.78	2.41
2023-07-27 12:10:27.391395,-3.37	3.20
2023-07-27 12:10:27.407467,-8.74	-2.67
2023-07-27 12:10:27.419388,-10.79	0.93
2023-07-27 12:10:27.435536,-9.48	-7.22
2023-07-27 12:10:27.448537,2.63	-4.20
2023-07-27 12:10:27.460662,2.83	1.11
2023-07-27 12:10:27.476620,-0.55	3.14
2023-07-27 12:10:27.489603,3.67	5.49
2023-07-27 12:10:27.501621,-6.25	1.95
2023-07-27 12:10:27.517675,-5.01	-0.56
2023-07-27 12:10:27.529934,0.19	0.56
2023-07-27 12:10:27.546676,-2.23	1.89
2023-07-27 12:10:27.558674,-4.76	3.28
2023-07-27 12:10:27.571529,2.07	2.64
2023-07-27 12:10:27.587548,-2.28	-8.14
2023-07-27 12:10:27.599530,-0.43	-2.87
2023-07-27 12:10:27.615530,-5.27	6.73
2023-07-27 12:10:27.628677,-5.78	9.40
2023-07-27 12:10:27.640688,6.83	9.53
2023-07-27 12:10:27.656728,-4.37	-1.19
2023-07-27 12:10:27.669701,-5.13	-0.11
2023-07-27 12:10:27.685683,-4.93	2.67
2023-07-27 12:10:27.697686,-1.83	-6.65
2023-07-27 12:10:27.710771,9.52	-4.99
2023-07-27 12:10:27.726898,-9.77	1.55
2023-07-27 12:10:27.739849,-2.82	-3.05
2023-07-27 12:10:27.756285,2.04	5.24
2023-07-27 12:10:27.767286,-4.76	3.38
2023-07-27 12:10:27.780400,8.79	-13.31
2023-07-27 12:10:27.796415,-1.09	-0.46
2023-07-27 12:10:27.808434,-1.66	2.90
2023-07-27 12:10:27.825447,-5.47	2.01
2023-07-27 12:10:27.836976,0.97	7.98
2023-07-27 12:10:27.849956,-4.85	10.35
2023-07-27 12:10:27.866212,-1.05	1.80
2023-07-27 12:10:27.878319,12.49	8.36
2023-07-27 12:10:27.894559,-4.60	-8.65
2023-07-27 12:10:27.906566,-6.81	-4.16
2023-07-27 12:10:27.919556,-2.16	7.79
2023-07-27 12:10:27.935114,0.22	0.09
2023-07-27 12:10:27.948113,-3.92	-4.54
2023-07-27 12:10:27.964112,-4.06	-2.37
2023-07-27 12:10:27.977110,-2.34	3.30
2023-07-27 12:10:27.989199,2.54	-7.48
2023-07-27 12:10:28.005217,-9.03	4.93
2023-07-27 12:10:28.017111,-3.65	-0.53
2023-07-27 12:10:28.033442,2.73	-3.99
2023-07-27 12:10:28.046530,-0.68	9.24
2023-07-27 12:10:28.058436,-1.46	-11.12
2023-07-27 12:10:28.074436,-2.45	2.86
2023-07-27 12:10:28.087519,3.49	-3.11
2023-07-27 12:10:28.103528,1.95	6.17
2023-07-27 12:10:28.115436,18.61	-2.35
2023-07-27 12:10:28.128505,9.82	17.48
2023-07-27 12:10:28.144230,8.09	17.95
2023-07-27 12:10:28.157124,-6.06	-0.70
2023-07-27 12:10:28.173171,-7.29	-9.16
2023-07-27 12:10:28.186041,-11.39	-0.46
2023-07-27 12:10:28.198039,-8.00	7.24
2023-07-27 12:10:28.214048,0.80	-6.02
2023-07-27 12:10:28.226793,-2.96	-1.42
2023-07-27 12:10:28.242174,-1.28	-0.75
2023-07-27 12:10:28.255177,-5.93	10.62
2023-07-27 12:10:28.267194,5.68	9.30
2023-07-27 12:10:28.283346,4.04	-5.07
2023-07-27 12:10:28.296404,-6.67	-4.14
2023-07-27 12:10:28.312401,2.78	3.48
2023-07-27 12:10:28.324350,2.34	-9.78
2023-07-27 12:10:28.336888,1.58	-5.29
2023-07-27 12:10:28.352922,5.25	4.48
2023-07-27 12:10:28.365918,-3.04	4.95
2023-07-27 12:10:28.381918,-2.10	0.33
2023-07-27 12:10:28.394051,8.24	12.57
2023-07-27 12:10:28.406533,1.24	13.72
2023-07-27 12:10:28.423552,0.18	-4.35
2023-07-27 12:10:28.435425,-3.39	-9.36
2023-07-27 12:10:28.451423,1.91	-2.53
2023-07-27 12:10:28.463466,-2.05	-7.19
2023-07-27 12:10:28.476421,-4.01	2.28
2023-07-27 12:10:28.492571,12.90	4.08
2023-07-27 12:10:28.505036,9.01	11.32
2023-07-27 12:10:28.521017,-0.49	3.66
2023-07-27 12:10:28.533675,4.83	2.63
2023-07-27 12:10:28.545734,-1.97	2.22
2023-07-27 12:10:28.562650,1.75	4.87
2023-07-27 12:10:28.574727,1.20	7.60
2023-07-27 12:10:28.590732,-11.84	-2.92
2023-07-27 12:10:28.603664,-6.60	0.28
2023-07-27 12:10:28.615601,-11.05	-1.59
2023-07-27 12:10:28.631682,9.57	10.92
2023-07-27 12:10:28.643862,10.88	-4.76
2023-07-27 12:10:28.660848,-5.98	-0.50
2023-07-27 12:10:28.672833,1.73	5.77
2023-07-27 12:10:28.685739,7.64	8.74
2023-07-27 12:10:28.701771,5.54	7.84
2023-07-27 12:10:28.713736,2.90	8.11
2023-07-27 12:10:28.729950,5.61	-13.24
2023-07-27 12:10:28.742607,-2.36	-5.27
2023-07-27 12:10:28.754597,-5.34	0.46
2023-07-27 12:10:28.771565,-1.44	3.51
2023-07-27 12:10:28.783562,-3.49	0.19
2023-07-27 12:10:28.799547,1.21	-1.15
2023-07-27 12:10:28.812475,0.14	3.52
2023-07-27 12:10:28.824720,4.07	-1.00
2023-07-27 12:10:28.840726,3.38	-5.62
2023-07-27 12:10:28.853610,-0.29	1.06
2023-07-27 12:10:28.869612,0.32	3.23
2023-07-27 12:10:28.881602,5.45	-1.98
2023-07-27 12:10:28.893729,4.24	-9.47
2023-07-27 12:10:28.910701,1.41	-9.50
2023-07-27 12:10:28.922881,2.76	-8.31
2023-07-27 12:10:28.939333,2.25	-6.20
2023-07-27 12:10:28.951231,-1.67	-0.54
2023-07-27 12:10:28.963369,3.14	9.88
2023-07-27 12:10:28.980233,2.25	15.28
2023-07-27 12:10:28.992231,-2.36	19.50
2023-07-27 12:10:29.008354,4.27	26.33
2023-07-27 12:10:29.021323,-7.21	19.98
2023-07-27 12:10:29.033267,1.03	-21.66
2023-07-27 12:10:29.049424,5.11	-23.66
2023-07-27 12:10:29.062335,7.60	-11.70
2023-07-27 12:10:29.078438,-0.75	-3.34
2023-07-27 12:10:29.090508,-6.03	10.48
2023-07-27 12:10:29.103409,1.72	-3.38
2023-07-27 12:10:29.119442,-7.22	-2.89
2023-07-27 12:10:29.131350,-0.06	11.85
2023-07-27 12:10:29.147862,10.70	10.04
2023-07-27 12:10:29.159998,14.33	-9.83
2023-07-27 12:10:29.172955,3.84	-1.53
2023-07-27 12:10:29.188977,7.96	1.87
2023-07-27 12:10:29.200864,0.39	-3.87
2023-07-27 12:10:29.217865,-5.19	-1.28
2023-07-27 12:10:29.229971,-3.51	6.56
2023-07-27 12:10:29.242475,3.28	8.21
2023-07-27 12:10:29.258396,-11.78	-0.48
2023-07-27 12:10:29.270394,-2.37	1.68
2023-07-27 12:10:29.287392,-6.24	1.93
2023-07-27 12:10:29.299391,-6.90	0.89
2023-07-27 12:10:29.311539,2.09	-1.00
2023-07-27 12:10:29.328402,14.21	-3.87
2023-07-27 12:10:29.340917,7.48	-11.17
2023-07-27 12:10:29.357029,3.33	-9.08
2023-07-27 12:10:29.369915,-0.59	-2.56
2023-07-27 12:10:29.380919,-2.93	-1.44
2023-07-27 12:10:29.398084,-2.55	-2.27
2023-07-27 12:10:29.410189,-0.55	-0.90
2023-07-27 12:10:29.426186,-1.12	-0.77
2023-07-27 12:10:29.438705,3.24	-0.46
2023-07-27 12:10:29.450680,0.34	0.89
2023-07-27 12:10:29.467158,0.71	1.46
2023-07-27 12:10:29.479285,1.18	1.06
2023-07-27 12:10:29.496297,-0.85	3.37
2023-07-27 12:10:29.508244,1.49	5.32
2023-07-27 12:10:29.520335,3.79	2.63
2023-07-27 12:10:29.537240,0.55	-0.18
2023-07-27 12:10:29.549243,-0.72	-3.13
2023-07-27 12:10:29.565244,0.94	-3.14
2023-07-27 12:10:29.578364,-1.54	-2.93
2023-07-27 12:10:29.590373,-1.80	-0.05
2023-07-27 12:10:29.606363,1.00	1.94
2023-07-27 12:10:29.619252,-3.00	3.63
2023-07-27 12:10:29.634900,2.19	6.86
2023-07-27 12:10:29.647092,1.98	12.55
2023-07-27 12:10:29.660301,1.29	11.89
2023-07-27 12:10:29.676234,4.08	7.90
2023-07-27 12:10:29.688372,2.33	1.05
2023-07-27 12:10:29.705315,-0.57	-4.85
2023-07-27 12:10:29.717325,-2.28	-3.90
2023-07-27 12:10:29.729419,-2.31	-5.75
2023-07-27 12:10:29.746016,5.71	-9.94
2023-07-27 12:10:29.757992,-1.48	-9.32
2023-07-27 12:10:29.774949,1.96	-1.45
2023-07-27 12:10:29.786876,4.21	-3.74
2023-07-27 12:10:29.798882,-0.94	-0.03
2023-07-27 12:10:29.815880,-5.46	1.89
2023-07-27 12:10:29.828185,-3.06	-0.76
2023-07-27 12:10:29.844775,1.70	-2.30
2023-07-27 12:10:29.856845,3.30	-11.01
2023-07-27 12:10:29.868743,-2.40	-4.98
2023-07-27 12:10:29.884741,-5.72	-1.87
2023-07-27 12:10:29.897746,1.91	2.93
2023-07-27 12:10:29.913746,4.42	-2.75
2023-07-27 12:10:29.926826,1.35	-2.14
2023-07-27 12:10:29.938585,4.07	2.88
2023-07-27 12:10:29.954559,-3.89	5.96
2023-07-27 12:10:29.967448,1.86	7.27
2023-07-27 12:10:29.983523,8.79	6.52
2023-07-27 12:10:29.995588,5.46	2.38
2023-07-27 12:10:30.008450,5.14	-0.34
2023-07-27 12:10:30.024563,-5.38	-3.27
2023-07-27 12:10:30.036972,-6.85	-1.44
2023-07-27 12:10:30.053007,-3.05	-1.15
2023-07-27 12:10:30.064972,-0.80	4.94
2023-07-27 12:10:30.078040,6.30	5.41
2023-07-27 12:10:30.094152,0.29	7.46
2023-07-27 12:10:30.106083,-1.46	-0.52
2023-07-27 12:10:30.123107,-7.74	-8.36
2023-07-27 12:10:30.135659,3.57	-2.25
2023-07-27 12:10:30.147571,-1.16	-1.03
2023-07-27 12:10:30.163573,-12.52	-1.17
2023-07-27 12:10:30.175575,-7.37	0.93
2023-07-27 12:10:30.192568,0.23	4.40
2023-07-27 12:10:30.204712,0.18	5.56
2023-07-27 12:10:30.216574,9.67	-0.86
2023-07-27 12:10:30.233586,7.60	-1.24
2023-07-27 12:10:30.245153,0.92	-2.14
2023-07-27 12:10:30.261173,6.23	3.11
2023-07-27 12:10:30.274170,4.60	4.12
2023-07-27 12:10:30.286151,-0.17	-14.29
2023-07-27 12:10:30.302550,-1.81	-10.66
2023-07-27 12:10:30.315546,-3.21	-8.13
2023-07-27 12:10:30.331610,2.17	-4.30
2023-07-27 12:10:30.344054,0.86	9.92
2023-07-27 12:10:30.355987,-1.13	11.57
2023-07-27 12:10:30.372945,7.10	0.02
2023-07-27 12:10:30.384957,-0.44	-2.73
2023-07-27 12:10:30.400865,-0.63	-0.50
2023-07-27 12:10:30.413866,-8.50	10.45
2023-07-27 12:10:30.426037,-11.42	10.48
2023-07-27 12:10:30.442120,-4.25	9.16
2023-07-27 12:10:30.454120,-13.05	5.38
2023-07-27 12:10:30.470119,-9.07	6.17
2023-07-27 12:10:30.483193,0.07	3.14
2023-07-27 12:10:30.495254,7.62	9.57
2023-07-27 12:10:30.512181,3.77	-1.45
2023-07-27 12:10:30.524270,1.39	0.20
2023-07-27 12:10:30.540763,1.42	10.91
2023-07-27 12:10:30.552744,-6.36	8.75
2023-07-27 12:10:30.564745,-5.36	3.44
2023-07-27 12:10:30.581746,-9.27	5.08
2023-07-27 12:10:30.593750,-8.59	9.00
2023-07-27 12:10:30.610061,2.23	8.90
2023-07-27 12:10:30.622189,-9.62	6.76
2023-07-27 12:10:30.635071,2.79	2.74
2023-07-27 12:10:30.650586,-3.19	2.40
2023-07-27 12:10:30.663587,-1.49	2.59
2023-07-27 12:10:30.679586,-0.17	-0.22
2023-07-27 12:10:30.691683,2.51	-0.71
2023-07-27 12:10:30.704586,3.02	-2.26
2023-07-27 12:10:30.720694,-8.68	-4.10
2023-07-27 12:10:30.732678,1.95	-0.06
2023-07-27 12:10:30.745326,-5.39	1.15
2023-07-27 12:10:30.761361,0.59	14.13
2023-07-27 12:10:30.774308,8.22	10.93
2023-07-27 12:10:30.790325,-7.19	3.10
2023-07-27 12:10:30.802307,-5.97	6.65
2023-07-27 12:10:30.819275,-1.76	-6.97
2023-07-27 12:10:30.831220,-6.00	0.71
2023-07-27 12:10:30.843811,5.01	-6.56
2023-07-27 12:10:30.859809,-6.20	-0.25
2023-07-27 12:10:30.871919,-7.46	5.71
2023-07-27 12:10:30.884900,-3.81	9.50
2023-07-27 12:10:30.900904,-3.98	9.15
2023-07-27 12:10:30.913055,0.37	10.05
2023-07-27 12:10:30.929344,-0.28	1.11
2023-07-27 12:10:30.941919,-8.69	-3.27
2023-07-27 12:10:30.958126,-7.31	-2.72
2023-07-27 12:10:30.971135,-7.27	-13.00
2023-07-27 12:10:30.983136,-3.32	2.67
2023-07-27 12:10:30.999135,-4.92	-3.82
2023-07-27 12:10:31.011273,-13.90	-1.79
2023-07-27 12:10:31.027397,-9.41	0.64
2023-07-27 12:10:31.040012,12.60	-0.80
2023-07-27 12:10:31.052114,11.91	13.66
2023-07-27 12:10:31.069213,-6.16	8.31
2023-07-27 12:10:31.081136,-8.45	3.44
2023-07-27 12:10:31.097135,-6.53	9.54
2023-07-27 12:10:31.110172,3.99	1.33
2023-07-27 12:10:31.122282,-1.44	1.65
2023-07-27 12:10:31.138903,0.68	-8.49
2023-07-27 12:10:31.150901,-7.99	3.29
2023-07-27 12:10:31.162907,-8.91	0.66
2023-07-27 12:10:31.178978,-7.95	-2.76
2023-07-27 12:10:31.192004,7.65	3.45
2023-07-27 12:10:31.208063,-4.08	-4.52
2023-07-27 12:10:31.220901,-15.20	7.80
2023-07-27 12:10:31.232923,-6.15	1.96
2023-07-27 12:10:31.249279,-6.35	3.81
2023-07-27 12:10:31.261318,-4.08	-3.20
2023-07-27 12:10:31.278177,-7.77	-4.59
2023-07-27 12:10:31.290262,-2.43	-4.39
2023-07-27 12:10:31.302176,-5.37	-6.16
2023-07-27 12:10:31.319175,-5.86	0.42
2023-07-27 12:10:31.331181,-4.63	-3.09
2023-07-27 12:10:31.346815,-7.36	4.82
2023-07-27 12:10:31.359959,3.75	6.77
2023-07-27 12:10:31.371817,-3.93	11.72
2023-07-27 12:10:31.388814,-7.63	10.15
2023-07-27 12:10:31.400812,-0.32	-2.18
2023-07-27 12:10:31.416816,-0.55	-0.21
2023-07-27 12:10:31.429131,-3.62	-3.25
2023-07-27 12:10:31.442020,-6.72	-0.07
2023-07-27 12:10:31.458150,-10.41	7.97
2023-07-27 12:10:31.470061,-10.70	-2.29
2023-07-27 12:10:31.487056,-7.76	-0.45
2023-07-27 12:10:31.499109,-7.24	11.29
2023-07-27 12:10:31.515120,2.48	0.31
2023-07-27 12:10:31.527343,2.28	6.69
2023-07-27 12:10:31.539619,-1.23	1.41
2023-07-27 12:10:31.556516,-5.32	3.19
2023-07-27 12:10:31.568606,-6.26	6.00
2023-07-27 12:10:31.584521,-5.52	11.28
2023-07-27 12:10:31.597521,1.87	23.58
2023-07-27 12:10:31.609648,4.14	20.32
2023-07-27 12:10:31.625740,-0.91	16.24
2023-07-27 12:10:31.638148,-3.45	17.00
2023-07-27 12:10:31.654140,-3.05	8.26
2023-07-27 12:10:31.667141,-6.68	12.54
2023-07-27 12:10:31.679147,0.07	14.58
2023-07-27 12:10:31.695266,6.87	14.74
2023-07-27 12:10:31.707528,7.48	-8.99
2023-07-27 12:10:31.723930,-0.02	-3.52
2023-07-27 12:10:31.736852,-4.14	-5.47
2023-07-27 12:10:31.748372,-2.89	-14.94
2023-07-27 12:10:31.765367,-15.28	-9.34
2023-07-27 12:10:31.777382,-11.75	-6.17
2023-07-27 12:10:31.793508,-11.02	-15.45
